test_case_id,food_matrix,cheese_category,temperature,packaging,indicator,ingredient,true_shelf_life_days,prediction_days,error_days,abs_error_days,pct_error,ground_truth_type,validation_priority,paper_url
TC095,cheddar,hard,4,sealed_high_barrier,molds,natamycin,20.0,231.8590087890625,211.8590087890625,211.8590087890625,1059.2950439453125,EXACT_OR_LOWER_BOUND,A_STRICT,https://pubmed.ncbi.nlm.nih.gov/12929846/
TC096,cheddar,hard,4,sealed_high_barrier,molds,natamycin,30.0,232.3455810546875,202.3455810546875,202.3455810546875,674.4852701822917,EXACT_OR_LOWER_BOUND,B_LOWER_BOUND,https://pubmed.ncbi.nlm.nih.gov/12929846/
TC033,provolone,semi_hard,4,polyethylene_pouch,peroxide_value,none,65.0,160.85960388183594,95.85960388183594,95.85960388183594,147.47631366436298,EXACT,B_OVERALL_SHELF_LIFE,https://pubmed.ncbi.nlm.nih.gov/26511666/
TC018,provolone,semi_hard,4,air_permeable_wrap,peroxide_value,none,45.0,140.283935546875,95.283935546875,95.283935546875,211.74207899305557,EXACT,B_OVERALL_SHELF_LIFE,https://pubmed.ncbi.nlm.nih.gov/26511666/
TC027,provolone,semi_hard,4,sealed_high_barrier,peroxide_value,none,65.0,158.8089141845703,93.80891418457031,93.80891418457031,144.32140643780048,EXACT,B_OVERALL_SHELF_LIFE,https://pubmed.ncbi.nlm.nih.gov/26511666/
TC021,provolone,semi_hard,4,vacuum,peroxide_value,none,65.0,157.38714599609375,92.38714599609375,92.38714599609375,142.13407076322116,EXACT,B_OVERALL_SHELF_LIFE,https://pubmed.ncbi.nlm.nih.gov/26511666/
TC034,provolone,semi_hard,4,polyethylene_pouch,sensory_acceptability,none,65.0,155.79811096191406,90.79811096191406,90.79811096191406,139.6894014798678,EXACT,A_STRICT,https://pubmed.ncbi.nlm.nih.gov/26511666/
TC028,provolone,semi_hard,4,sealed_high_barrier,sensory_acceptability,none,65.0,153.8768768310547,88.87687683105469,88.87687683105469,136.73365666316107,EXACT,A_STRICT,https://pubmed.ncbi.nlm.nih.gov/26511666/
TC019,provolone,semi_hard,4,air_permeable_wrap,sensory_acceptability,none,45.0,131.70164489746094,86.70164489746094,86.70164489746094,192.67032199435764,EXACT,A_STRICT,https://pubmed.ncbi.nlm.nih.gov/26511666/
TC022,provolone,semi_hard,4,vacuum,sensory_acceptability,none,65.0,150.83926391601562,85.83926391601562,85.83926391601562,132.06040602463943,EXACT,A_STRICT,https://pubmed.ncbi.nlm.nih.gov/26511666/
TC032,provolone,semi_hard,4,polyethylene_pouch,total_viable_count,none,65.0,150.2742919921875,85.2742919921875,85.2742919921875,131.19121844951923,EXACT,B_OVERALL_SHELF_LIFE,https://pubmed.ncbi.nlm.nih.gov/26511666/
TC026,provolone,semi_hard,4,sealed_high_barrier,total_viable_count,none,65.0,148.32644653320312,83.32644653320312,83.32644653320312,128.19453312800482,EXACT,B_OVERALL_SHELF_LIFE,https://pubmed.ncbi.nlm.nih.gov/26511666/
TC017,provolone,semi_hard,4,air_permeable_wrap,total_viable_count,none,45.0,126.41678619384766,81.41678619384766,81.41678619384766,180.92619154188367,EXACT,B_OVERALL_SHELF_LIFE,https://pubmed.ncbi.nlm.nih.gov/26511666/
TC020,provolone,semi_hard,4,vacuum,total_viable_count,none,65.0,144.1761932373047,79.17619323730469,79.17619323730469,121.80952805739183,EXACT,B_OVERALL_SHELF_LIFE,https://pubmed.ncbi.nlm.nih.gov/26511666/
TC036,provolone,semi_hard,7,polyethylene_pouch,peroxide_value,none,65.0,134.04373168945312,69.04373168945312,69.04373168945312,106.22112567608173,EXACT,B_OVERALL_SHELF_LIFE,https://pubmed.ncbi.nlm.nih.gov/26511666/
TC037,provolone,semi_hard,7,polyethylene_pouch,sensory_acceptability,none,65.0,133.8745574951172,68.87455749511719,68.87455749511719,105.96085768479568,EXACT,A_STRICT,https://pubmed.ncbi.nlm.nih.gov/26511666/
TC035,provolone,semi_hard,7,polyethylene_pouch,total_viable_count,none,65.0,133.19862365722656,68.19862365722656,68.19862365722656,104.92095947265625,EXACT,B_OVERALL_SHELF_LIFE,https://pubmed.ncbi.nlm.nih.gov/26511666/
TC031,provolone,semi_hard,7,sealed_high_barrier,sensory_acceptability,none,65.0,132.80552673339844,67.80552673339844,67.80552673339844,104.31619497445914,EXACT,A_STRICT,https://pubmed.ncbi.nlm.nih.gov/26511666/
TC030,provolone,semi_hard,7,sealed_high_barrier,peroxide_value,none,65.0,132.63327026367188,67.63327026367188,67.63327026367188,104.05118502103366,EXACT,B_OVERALL_SHELF_LIFE,https://pubmed.ncbi.nlm.nih.gov/26511666/
TC029,provolone,semi_hard,7,sealed_high_barrier,total_viable_count,none,65.0,131.89100646972656,66.89100646972656,66.89100646972656,102.90924072265626,EXACT,B_OVERALL_SHELF_LIFE,https://pubmed.ncbi.nlm.nih.gov/26511666/
TC024,provolone,semi_hard,7,vacuum,peroxide_value,none,65.0,125.33566284179688,60.335662841796875,60.335662841796875,92.8240966796875,EXACT,B_OVERALL_SHELF_LIFE,https://pubmed.ncbi.nlm.nih.gov/26511666/
TC025,provolone,semi_hard,7,vacuum,sensory_acceptability,none,65.0,124.03524017333984,59.035240173339844,59.035240173339844,90.82344642052284,EXACT,A_STRICT,https://pubmed.ncbi.nlm.nih.gov/26511666/
TC023,provolone,semi_hard,7,vacuum,total_viable_count,none,65.0,122.09378051757812,57.093780517578125,57.093780517578125,87.83658541165865,EXACT,B_OVERALL_SHELF_LIFE,https://pubmed.ncbi.nlm.nih.gov/26511666/
TC087,ricotta,soft,7,sealed_container,listeria_monocytogenes,nisin,56.0,5.313691139221191,-50.68630886077881,50.68630886077881,90.5112658228193,LOWER_BOUND,B_LOWER_BOUND,https://pubmed.ncbi.nlm.nih.gov/9172439/
TC094,queso fresco,soft,7,sealed_high_barrier,listeria_monocytogenes,none,35.0,7.094926834106445,-27.905073165893555,27.905073165893555,79.72878047398159,PROXY_EVENT,C_SAFETY_PROXY,https://pubmed.ncbi.nlm.nih.gov/29960774/
TC093,queso fresco,soft,7,sealed_high_barrier,listeria_monocytogenes,none,28.0,7.094926834106445,-20.905073165893555,20.905073165893555,74.66097559247699,PROXY_EVENT,C_SAFETY_PROXY,https://pubmed.ncbi.nlm.nih.gov/29960774/
TC083,minas fresh cheese,soft,7,sealed_container,listeria_monocytogenes,nisin,28.0,12.649007797241213,-15.350992202758787,15.350992202758787,54.82497215270995,LOWER_BOUND,B_LOWER_BOUND,https://pubmed.ncbi.nlm.nih.gov/24031971/
TC085,minas fresh cheese,soft,7,sealed_container,listeria_monocytogenes,nisin,28.0,13.10252571105957,-14.89747428894043,14.89747428894043,53.20526531764439,LOWER_BOUND,B_LOWER_BOUND,https://pubmed.ncbi.nlm.nih.gov/24031971/
TC084,minas fresh cheese,soft,7,sealed_container,listeria_monocytogenes,nisin,28.0,13.10252571105957,-14.89747428894043,14.89747428894043,53.20526531764439,LOWER_BOUND,B_LOWER_BOUND,https://pubmed.ncbi.nlm.nih.gov/24031971/
TC097,soft white cheese,soft,4,sealed_container,molds,thyme essential oil,30.0,15.88701629638672,-14.11298370361328,14.11298370361328,47.043279012044266,LOWER_BOUND,B_LOWER_BOUND,https://pubmed.ncbi.nlm.nih.gov/29477526/
TC091,queso fresco,soft,7,map_30co2_70n2,listeria_monocytogenes,none,21.0,7.426196575164795,-13.573803424835205,13.573803424835205,64.63715916588193,PROXY_EVENT,C_SAFETY_PROXY,https://pubmed.ncbi.nlm.nih.gov/29960774/
TC092,queso fresco,soft,7,map_50co2_50n2,listeria_monocytogenes,none,21.0,8.614853858947754,-12.385146141052246,12.385146141052246,58.97688638596308,PROXY_EVENT,C_SAFETY_PROXY,https://pubmed.ncbi.nlm.nih.gov/29960774/
TC078,galotyri,soft,4,sealed_container,yeasts,natamycin,28.0,16.33580207824707,-11.66419792175293,11.66419792175293,41.657849720546174,LOWER_BOUND,B_LOWER_BOUND,https://pubmed.ncbi.nlm.nih.gov/24010596/
TC082,galotyri,soft,4,sealed_container,yeasts,natamycin,28.0,16.45633888244629,-11.543661117553711,11.543661117553711,41.22736113412039,LOWER_BOUND,B_LOWER_BOUND,https://pubmed.ncbi.nlm.nih.gov/24010596/
TC077,galotyri,soft,4,sealed_container,lactococcus_spp,natamycin,28.0,17.60529136657715,-10.394708633422852,10.394708633422852,37.123959405081614,LOWER_BOUND,B_LOWER_BOUND,https://pubmed.ncbi.nlm.nih.gov/24010596/
TC076,galotyri,soft,4,sealed_container,lactobacillus_spp,natamycin,28.0,17.60529136657715,-10.394708633422852,10.394708633422852,37.123959405081614,LOWER_BOUND,B_LOWER_BOUND,https://pubmed.ncbi.nlm.nih.gov/24010596/
TC080,galotyri,soft,4,sealed_container,lactobacillus_spp,natamycin,28.0,17.642562866210938,-10.357437133789062,10.357437133789062,36.99084690638951,LOWER_BOUND,B_LOWER_BOUND,https://pubmed.ncbi.nlm.nih.gov/24010596/
TC081,galotyri,soft,4,sealed_container,lactococcus_spp,natamycin,28.0,17.642562866210938,-10.357437133789062,10.357437133789062,36.99084690638951,LOWER_BOUND,B_LOWER_BOUND,https://pubmed.ncbi.nlm.nih.gov/24010596/
TC075,galotyri,soft,4,sealed_container,sensory_acceptability,natamycin,28.0,18.18137550354004,-9.818624496459961,9.818624496459961,35.066516058785574,LOWER_BOUND,B_LOWER_BOUND,https://pubmed.ncbi.nlm.nih.gov/24010596/
TC079,galotyri,soft,4,sealed_container,sensory_acceptability,natamycin,28.0,18.30191421508789,-9.69808578491211,9.69808578491211,34.63602066040039,LOWER_BOUND,B_LOWER_BOUND,https://pubmed.ncbi.nlm.nih.gov/24010596/
TC099,paneer,soft,7,sealed_container,sensory_acceptability,Cloves,21.0,12.293317794799805,-8.706682205200195,8.706682205200195,41.46039145333426,EXACT,A_STRICT,https://pubmed.ncbi.nlm.nih.gov/25829584/
TC086,ricotta,soft,7,sealed_container,listeria_monocytogenes,none,10.5,2.747426748275757,-7.752573251724243,7.752573251724243,73.83403096880231,RANGE_MIDPOINT,A_RANGE,https://pubmed.ncbi.nlm.nih.gov/9172439/
TC056,ricotta,soft,4,sealed_container,yeasts_molds,none,3.0,8.302414894104004,5.302414894104004,5.302414894104004,176.7471631368001,RANGE_MIDPOINT,B_OVERALL_SHELF_LIFE,https://pubmed.ncbi.nlm.nih.gov/27800345/
TC060,ricotta,soft,4,map_30co2_70n2,sensory_acceptability,none,15.0,9.750123023986816,-5.249876976013184,5.249876976013184,34.99917984008789,EXACT,A_STRICT,https://pubmed.ncbi.nlm.nih.gov/27800345/
TC061,ricotta,soft,4,map_30co2_70n2,total_viable_count,none,15.0,9.778493881225586,-5.221506118774414,5.221506118774414,34.81004079182943,EXACT,B_OVERALL_SHELF_LIFE,https://pubmed.ncbi.nlm.nih.gov/27800345/
TC062,ricotta,soft,4,map_30co2_70n2,yeasts_molds,none,15.0,10.255014419555664,-4.744985580444336,4.744985580444336,31.63323720296224,EXACT,B_OVERALL_SHELF_LIFE,https://pubmed.ncbi.nlm.nih.gov/27800345/
TC055,ricotta,soft,4,sealed_container,total_viable_count,none,3.0,7.628056526184082,4.628056526184082,4.628056526184082,154.26855087280273,RANGE_MIDPOINT,B_OVERALL_SHELF_LIFE,https://pubmed.ncbi.nlm.nih.gov/27800345/
TC054,ricotta,soft,4,sealed_container,sensory_acceptability,none,3.0,7.599686145782471,4.599686145782471,4.599686145782471,153.32287152608234,RANGE_MIDPOINT,B_OVERALL_SHELF_LIFE,https://pubmed.ncbi.nlm.nih.gov/27800345/
TC088,queso fresco,soft,7,air_permeable_wrap,listeria_monocytogenes,none,7.0,2.761638641357422,-4.238361358642578,4.238361358642578,60.54801940917969,PROXY_EVENT,C_SAFETY_PROXY,https://pubmed.ncbi.nlm.nih.gov/29960774/
TC048,fresh cheese,soft,4,map_40co2_60n2,yeasts_molds,none,18.0,21.23348999023437,3.2334899902343714,3.2334899902343714,17.96383327907984,LOWER_BOUND,B_LOWER_BOUND,https://pmc.ncbi.nlm.nih.gov/articles/PMC7270376/
TC052,fresh cheese,soft,4,map_30co2_70n2,yeasts_molds,none,18.0,21.07208824157715,3.0720882415771484,3.0720882415771484,17.067156897650825,LOWER_BOUND,B_LOWER_BOUND,https://pmc.ncbi.nlm.nih.gov/articles/PMC7270376/
TC070,galotyri,soft,4,sealed_container,yeasts,nisin,18.5,15.574393272399902,-2.9256067276000977,2.9256067276000977,15.814090419459987,RANGE_MIDPOINT,B_OVERALL_SHELF_LIFE,https://pubmed.ncbi.nlm.nih.gov/24010596/
TC040,fresh cheese,soft,4,air_permeable_wrap,yeasts_molds,none,9.0,11.66739273071289,2.6673927307128906,2.6673927307128906,29.637697007921005,EXACT,B_OVERALL_SHELF_LIFE,https://pmc.ncbi.nlm.nih.gov/articles/PMC7270376/
TC067,galotyri,soft,4,sealed_container,sensory_acceptability,nisin,18.5,15.85371208190918,-2.6462879180908203,2.6462879180908203,14.304259016707139,RANGE_MIDPOINT,A_STRICT,https://pubmed.ncbi.nlm.nih.gov/24010596/
TC049,fresh cheese,soft,4,map_40co2_60n2,sensory_acceptability,none,18.0,20.625991821289062,2.6259918212890625,2.6259918212890625,14.588843451605904,LOWER_BOUND,B_LOWER_BOUND,https://pmc.ncbi.nlm.nih.gov/articles/PMC7270376/
TC002,fresh mozzarella,soft,7,sealed_container,psychrophilic_bacteria,none,4.0,6.4984307289123535,2.4984307289123535,2.4984307289123535,62.46076822280884,EXACT,B_OVERALL_SHELF_LIFE,https://www.sciencedirect.com/science/article/pii/S0141813022008996
TC053,fresh cheese,soft,4,map_30co2_70n2,sensory_acceptability,none,18.0,20.46459007263184,2.4645900726318395,2.4645900726318395,13.692167070176886,LOWER_BOUND,B_LOWER_BOUND,https://pmc.ncbi.nlm.nih.gov/articles/PMC7270376/
TC046,fresh cheese,soft,4,map_40co2_60n2,aerobic_plate_count,none,18.0,20.42003059387207,2.4200305938720703,2.4200305938720703,13.44461441040039,LOWER_BOUND,B_LOWER_BOUND,https://pmc.ncbi.nlm.nih.gov/articles/PMC7270376/
TC047,fresh cheese,soft,4,map_40co2_60n2,enterobacteriaceae,none,18.0,20.31209945678711,2.3120994567871094,2.3120994567871094,12.844996982150608,LOWER_BOUND,B_LOWER_BOUND,https://pmc.ncbi.nlm.nih.gov/articles/PMC7270376/
TC050,fresh cheese,soft,4,map_30co2_70n2,aerobic_plate_count,none,18.0,20.258628845214844,2.2586288452148438,2.2586288452148438,12.547938028971354,LOWER_BOUND,B_LOWER_BOUND,https://pmc.ncbi.nlm.nih.gov/articles/PMC7270376/
TC003,fresh mozzarella,soft,7,sealed_container,lactic_acid_bacteria,none,4.0,6.234903335571289,2.234903335571289,2.234903335571289,55.87258338928223,EXACT,B_OVERALL_SHELF_LIFE,https://www.sciencedirect.com/science/article/pii/S0141813022008996
TC004,fresh mozzarella,soft,7,sealed_container,yeasts_molds,none,4.0,6.225752353668213,2.225752353668213,2.225752353668213,55.64380884170532,EXACT,B_OVERALL_SHELF_LIFE,https://www.sciencedirect.com/science/article/pii/S0141813022008996
TC041,fresh cheese,soft,4,air_permeable_wrap,sensory_acceptability,none,9.0,11.145709991455078,2.145709991455078,2.145709991455078,23.841222127278648,EXACT,A_STRICT,https://pmc.ncbi.nlm.nih.gov/articles/PMC7270376/
TC051,fresh cheese,soft,4,map_30co2_70n2,enterobacteriaceae,none,18.0,20.108348846435547,2.108348846435547,2.108348846435547,11.713049146864149,LOWER_BOUND,B_LOWER_BOUND,https://pmc.ncbi.nlm.nih.gov/articles/PMC7270376/
TC090,queso fresco,soft,7,sealed_high_barrier,listeria_monocytogenes,none,7.0,5.058212757110596,-1.9417872428894043,1.9417872428894043,27.739817755562918,PROXY_EVENT,C_SAFETY_PROXY,https://pubmed.ncbi.nlm.nih.gov/29960774/
TC001,fresh mozzarella,soft,7,sealed_container,mesophilic_bacteria,none,4.0,5.9274725914001465,1.9274725914001465,1.9274725914001465,48.18681478500366,EXACT,A_STRICT,https://www.sciencedirect.com/science/article/pii/S0141813022008996
TC038,fresh cheese,soft,4,air_permeable_wrap,aerobic_plate_count,none,9.0,10.899901390075684,1.8999013900756836,1.8999013900756836,21.110015445285374,EXACT,B_OVERALL_SHELF_LIFE,https://pmc.ncbi.nlm.nih.gov/articles/PMC7270376/
TC069,galotyri,soft,4,sealed_container,lactococcus_spp,nisin,18.5,16.722707748413086,-1.777292251586914,1.777292251586914,9.60698514371305,RANGE_MIDPOINT,B_OVERALL_SHELF_LIFE,https://pubmed.ncbi.nlm.nih.gov/24010596/
TC039,fresh cheese,soft,4,air_permeable_wrap,enterobacteriaceae,none,9.0,10.717708587646484,1.7177085876464844,1.7177085876464844,19.085650973849827,EXACT,B_OVERALL_SHELF_LIFE,https://pmc.ncbi.nlm.nih.gov/articles/PMC7270376/
TC068,galotyri,soft,4,sealed_container,lactobacillus_spp,nisin,18.5,16.995220184326172,-1.5047798156738281,1.5047798156738281,8.13394494958826,RANGE_MIDPOINT,B_OVERALL_SHELF_LIFE,https://pubmed.ncbi.nlm.nih.gov/24010596/
TC098,paneer,soft,7,sealed_container,sensory_acceptability,none,7.0,8.424018859863281,1.4240188598632812,1.4240188598632812,20.343126569475448,EXACT,A_STRICT,https://pubmed.ncbi.nlm.nih.gov/25829584/
TC016,fresh mozzarella,soft,7,sealed_container,yeasts_molds,natamycin,8.0,9.394659996032717,1.3946599960327166,1.3946599960327166,17.433249950408957,EXACT,B_OVERALL_SHELF_LIFE,https://www.sciencedirect.com/science/article/pii/S0141813022008996
TC059,ricotta,soft,4,vacuum,yeasts_molds,none,7.5,8.88986587524414,1.3898658752441406,1.3898658752441406,18.53154500325521,APPROX_FROM_PAPER,B_OVERALL_SHELF_LIFE,https://pubmed.ncbi.nlm.nih.gov/27800345/
TC015,fresh mozzarella,soft,7,sealed_container,lactic_acid_bacteria,natamycin,8.0,9.260489463806152,1.2604894638061523,1.2604894638061523,15.756118297576904,EXACT,B_OVERALL_SHELF_LIFE,https://www.sciencedirect.com/science/article/pii/S0141813022008996
TC089,queso fresco,soft,7,vacuum,listeria_monocytogenes,none,7.0,5.807830810546875,-1.192169189453125,1.192169189453125,17.030988420758927,PROXY_EVENT,C_SAFETY_PROXY,https://pubmed.ncbi.nlm.nih.gov/29960774/
TC057,ricotta,soft,4,vacuum,sensory_acceptability,none,7.5,8.447702407836914,0.9477024078369141,0.9477024078369141,12.636032104492188,APPROX_FROM_PAPER,B_OVERALL_SHELF_LIFE,https://pubmed.ncbi.nlm.nih.gov/27800345/
TC058,ricotta,soft,4,vacuum,total_viable_count,none,7.5,8.445709228515625,0.945709228515625,0.945709228515625,12.609456380208334,APPROX_FROM_PAPER,B_OVERALL_SHELF_LIFE,https://pubmed.ncbi.nlm.nih.gov/27800345/
TC013,fresh mozzarella,soft,7,sealed_container,mesophilic_bacteria,natamycin,8.0,8.907094955444336,0.9070949554443359,0.9070949554443359,11.3386869430542,EXACT,A_STRICT,https://www.sciencedirect.com/science/article/pii/S0141813022008996
TC064,galotyri,soft,4,sealed_container,lactobacillus_spp,none,14.5,15.384881973266602,0.8848819732666016,0.8848819732666016,6.102634298390355,RANGE_MIDPOINT,B_OVERALL_SHELF_LIFE,https://pubmed.ncbi.nlm.nih.gov/24010596/
TC065,galotyri,soft,4,sealed_container,lactococcus_spp,none,14.5,15.384881973266602,0.8848819732666016,0.8848819732666016,6.102634298390355,RANGE_MIDPOINT,B_OVERALL_SHELF_LIFE,https://pubmed.ncbi.nlm.nih.gov/24010596/
TC074,galotyri,soft,4,sealed_container,yeasts,nisin,18.5,17.659500122070312,-0.8404998779296875,0.8404998779296875,4.543242583403717,RANGE_MIDPOINT,B_OVERALL_SHELF_LIFE,https://pubmed.ncbi.nlm.nih.gov/24010596/
TC005,fresh mozzarella,soft,7,sealed_container,mesophilic_bacteria,carboxymethyl cellulose,8.0,7.172813415527344,-0.8271865844726562,0.8271865844726562,10.339832305908203,EXACT,A_STRICT,https://www.sciencedirect.com/science/article/pii/S0141813022008996
TC014,fresh mozzarella,soft,7,sealed_container,psychrophilic_bacteria,natamycin,8.0,8.819602012634277,0.8196020126342773,0.8196020126342773,10.245025157928467,EXACT,B_OVERALL_SHELF_LIFE,https://www.sciencedirect.com/science/article/pii/S0141813022008996
TC010,fresh mozzarella,soft,7,sealed_container,psychrophilic_bacteria,natamycin,8.0,7.289809703826904,-0.7101902961730957,0.7101902961730957,8.877378702163696,EXACT,B_OVERALL_SHELF_LIFE,https://www.sciencedirect.com/science/article/pii/S0141813022008996
TC007,fresh mozzarella,soft,7,sealed_container,lactic_acid_bacteria,carboxymethyl cellulose,8.0,7.458917617797852,-0.5410823822021484,0.5410823822021484,6.7635297775268555,EXACT,B_OVERALL_SHELF_LIFE,https://www.sciencedirect.com/science/article/pii/S0141813022008996
TC063,galotyri,soft,4,sealed_container,sensory_acceptability,none,14.5,15.037442207336426,0.5374422073364258,0.5374422073364258,3.706497981630523,RANGE_MIDPOINT,A_STRICT,https://pubmed.ncbi.nlm.nih.gov/24010596/
TC044,fresh cheese,soft,4,vacuum,yeasts_molds,none,18.0,18.530818939208984,0.5308189392089844,0.5308189392089844,2.94899410671658,LOWER_BOUND,B_LOWER_BOUND,https://pmc.ncbi.nlm.nih.gov/articles/PMC7270376/
TC009,fresh mozzarella,soft,7,sealed_container,mesophilic_bacteria,natamycin,8.0,7.569067478179932,-0.43093252182006836,0.43093252182006836,5.3866565227508545,EXACT,A_STRICT,https://www.sciencedirect.com/science/article/pii/S0141813022008996
TC072,galotyri,soft,4,sealed_container,lactobacillus_spp,nisin,18.5,18.894216537475582,0.3942165374755824,0.3942165374755824,2.1309002025707158,RANGE_MIDPOINT,B_OVERALL_SHELF_LIFE,https://pubmed.ncbi.nlm.nih.gov/24010596/
TC043,fresh cheese,soft,4,vacuum,enterobacteriaceae,none,18.0,17.609424591064453,-0.3905754089355469,0.3905754089355469,2.1698633829752607,LOWER_BOUND,B_LOWER_BOUND,https://pmc.ncbi.nlm.nih.gov/articles/PMC7270376/
TC042,fresh cheese,soft,4,vacuum,aerobic_plate_count,none,18.0,17.648296356201172,-0.3517036437988281,0.3517036437988281,1.9539091322157118,LOWER_BOUND,B_LOWER_BOUND,https://pmc.ncbi.nlm.nih.gov/articles/PMC7270376/
TC008,fresh mozzarella,soft,7,sealed_container,yeasts_molds,carboxymethyl cellulose,8.0,8.31295394897461,0.3129539489746094,0.3129539489746094,3.911924362182617,EXACT,B_OVERALL_SHELF_LIFE,https://www.sciencedirect.com/science/article/pii/S0141813022008996
TC012,fresh mozzarella,soft,7,sealed_container,yeasts_molds,natamycin,8.0,7.720574855804443,-0.27942514419555664,0.27942514419555664,3.492814302444458,EXACT,B_OVERALL_SHELF_LIFE,https://www.sciencedirect.com/science/article/pii/S0141813022008996
TC066,galotyri,soft,4,sealed_container,yeasts,none,14.5,14.74220848083496,0.24220848083495916,0.24220848083495916,1.6704033161031666,RANGE_MIDPOINT,B_OVERALL_SHELF_LIFE,https://pubmed.ncbi.nlm.nih.gov/24010596/
TC100,fresh cheese,soft,4,sealed_high_barrier,listeria_monocytogenes,chitosan,14.0,14.206628799438477,0.20662879943847656,0.20662879943847656,1.4759199959891183,LOWER_BOUND,B_LOWER_BOUND,https://pubmed.ncbi.nlm.nih.gov/27070568/
TC071,galotyri,soft,4,sealed_container,sensory_acceptability,nisin,18.5,18.31854820251465,-0.18145179748535156,0.18145179748535156,0.9808205269478463,RANGE_MIDPOINT,A_STRICT,https://pubmed.ncbi.nlm.nih.gov/24010596/
TC045,fresh cheese,soft,4,vacuum,sensory_acceptability,none,18.0,17.819120407104492,-0.1808795928955078,0.1808795928955078,1.0048866271972656,LOWER_BOUND,B_LOWER_BOUND,https://pmc.ncbi.nlm.nih.gov/articles/PMC7270376/
TC073,galotyri,soft,4,sealed_container,lactococcus_spp,nisin,18.5,18.6217041015625,0.1217041015625,0.1217041015625,0.6578600084459459,RANGE_MIDPOINT,B_OVERALL_SHELF_LIFE,https://pubmed.ncbi.nlm.nih.gov/24010596/
TC011,fresh mozzarella,soft,7,sealed_container,lactic_acid_bacteria,natamycin,8.0,7.922461986541748,-0.07753801345825195,0.07753801345825195,0.9692251682281494,EXACT,B_OVERALL_SHELF_LIFE,https://www.sciencedirect.com/science/article/pii/S0141813022008996
TC006,fresh mozzarella,soft,7,sealed_container,psychrophilic_bacteria,carboxymethyl cellulose,8.0,7.988627433776855,-0.01137256622314542,0.01137256622314542,0.14215707778931774,EXACT,B_OVERALL_SHELF_LIFE,https://www.sciencedirect.com/science/article/pii/S0141813022008996
